0;0;0;0;land;false;unknown;0
1;241;235;224;land;false;plains;1
2;154;190;249;land;false;plains;1
3;103;224;177;land;false;plains;1
4;220;228;239;land;false;plains;1
5;195;115;248;land;false;plains;1
6;232;142;177;land;true;plains;1
7;187;206;120;land;false;plains;1
8;84;224;194;land;false;plains;1
9;246;178;95;land;false;plains;1
10;225;131;163;land;true;plains;1
11;242;166;126;land;true;plains;1
12;224;120;163;land;false;plains;1
13;230;192;157;land;true;plains;1
14;195;195;201;land;false;plains;1
15;221;84;228;land;true;plains;1
16;228;160;213;land;false;plains;1
17;239;168;127;land;true;plains;1
18;181;228;135;land;false;plains;1
19;161;224;184;land;false;plains;1
20;179;236;247;land;false;plains;1
21;243;118;164;land;true;plains;1
22;190;74;241;land;false;plains;1
23;42;226;238;land;true;plains;1
24;142;209;175;land;true;plains;1
25;205;135;164;land;false;plains;1
26;244;246;152;land;false;plains;1
27;198;159;234;land;false;plains;1
28;186;181;225;land;false;plains;1
29;169;148;197;land;false;plains;1
30;166;158;219;land;false;plains;1
31;249;228;121;land;true;plains;1
32;171;126;239;land;false;plains;1
33;124;241;234;land;false;plains;1
34;239;152;139;land;true;plains;1
35;179;196;225;land;false;plains;1
36;136;239;206;land;false;plains;1
37;222;130;199;land;false;plains;1
38;203;78;248;land;true;plains;1
39;231;140;246;land;false;plains;1
40;249;177;130;land;false;plains;1
41;139;182;198;land;true;plains;1
42;229;97;198;land;false;plains;1
43;248;88;238;land;false;plains;1
44;218;229;77;land;false;plains;1
45;165;192;184;land;false;plains;1
46;144;217;221;land;false;plains;1
47;253;143;126;land;false;plains;1
48;214;112;249;land;false;plains;1
49;219;253;176;land;true;plains;1
50;196;237;179;land;true;plains;1
51;232;252;79;land;true;plains;1
52;214;91;252;land;false;plains;1
53;74;248;244;land;false;plains;1
54;245;248;127;land;false;plains;1
55;153;186;175;land;false;plains;1
56;222;184;225;land;false;plains;1
57;186;115;249;land;true;plains;1
58;234;251;236;land;false;plains;1
59;233;116;154;land;false;plains;1
60;191;233;128;land;true;plains;1
61;192;197;175;land;true;plains;1
62;207;227;253;land;true;plains;1
63;154;233;175;land;true;plains;1
64;229;251;70;land;false;plains;1
65;170;181;150;land;false;plains;1
66;223;232;118;land;true;plains;1
67;188;65;251;land;false;plains;1
68;247;183;222;land;false;plains;1
69;204;253;152;land;false;plains;1
70;240;100;235;land;false;plains;1
71;192;156;178;land;false;plains;1
72;230;160;209;land;false;plains;1
73;180;244;79;land;false;plains;1
74;142;193;193;land;false;plains;1
75;110;234;210;land;false;plains;1
76;141;198;212;land;false;plains;1
77;245;93;246;land;true;plains;1
78;252;144;182;land;true;plains;1
79;231;157;133;land;false;plains;1
80;151;129;221;land;false;plains;1
81;150;155;222;land;true;plains;1
82;96;247;214;land;false;plains;1
83;216;228;221;land;false;plains;1
84;166;177;201;land;true;plains;1
85;74;190;248;land;false;plains;1
86;230;246;50;land;false;plains;1
87;223;109;203;land;true;plains;1
88;251;225;104;land;true;plains;1
89;164;184;153;land;false;plains;1
90;251;145;133;land;false;plains;1
91;236;248;192;land;false;plains;1
92;119;191;191;land;false;plains;1
93;195;193;180;land;true;plains;1
94;233;209;244;land;true;plains;1
95;234;191;109;land;true;plains;1
96;251;193;236;land;true;plains;1
97;191;216;163;land;false;plains;1
98;245;190;127;land;true;plains;1
99;123;243;241;land;true;plains;1
100;200;119;203;land;false;plains;1
101;208;108;223;land;false;plains;1
102;165;222;160;land;false;plains;1
103;178;144;199;land;true;plains;1
104;118;219;228;land;false;plains;1
105;133;249;212;land;false;plains;1
106;93;253;182;land;false;plains;1
107;247;180;111;land;false;plains;1
108;214;181;139;land;false;plains;1
109;208;215;100;land;false;plains;1
110;246;211;195;land;false;plains;1
111;241;238;177;land;false;plains;1
112;226;254;137;land;false;plains;1
113;109;211;224;land;false;plains;1
114;252;141;189;land;true;plains;1
115;188;188;216;land;false;plains;1
116;110;156;249;land;false;plains;1
117;180;234;152;land;false;plains;1
118;228;97;236;land;false;plains;1
119;219;225;172;land;false;plains;1
120;190;161;233;land;false;plains;1
121;93;221;198;land;true;plains;1
122;134;156;253;land;false;plains;1
123;231;223;112;land;true;plains;1
124;165;171;215;land;false;plains;1
125;246;169;206;land;true;plains;1
126;238;85;182;land;true;plains;1
127;100;198;251;land;true;plains;1
128;173;145;211;land;true;plains;1
129;233;152;189;land;true;plains;1
130;232;110;176;land;true;plains;1
131;68;247;186;land;false;plains;1
132;186;146;225;land;false;plains;1
133;238;101;164;land;false;plains;1
134;145;213;168;land;false;plains;1
135;171;147;190;land;true;plains;1
136;158;235;214;land;false;plains;1
137;228;161;250;land;false;plains;1
138;247;89;242;land;false;plains;1
139;251;189;190;land;true;plains;1
140;232;58;215;land;false;plains;1
141;50;233;247;land;false;plains;1
142;241;154;146;land;true;plains;1
143;26;241;248;land;false;plains;1
144;170;254;233;land;true;plains;1
145;180;194;194;land;true;plains;1
146;224;230;230;land;false;plains;1
147;162;172;207;land;false;plains;1
148;204;203;133;land;true;plains;1
149;207;133;163;land;false;plains;1
150;241;87;251;land;false;plains;1
151;126;172;218;land;false;plains;1
152;228;204;208;land;false;plains;1
153;216;242;150;land;false;plains;1
154;231;147;211;land;false;plains;1
155;211;141;154;land;true;plains;1
156;253;44;213;land;false;plains;1
157;233;234;61;land;false;plains;1
158;249;130;178;land;false;plains;1
159;203;131;209;land;false;plains;1
160;174;243;113;land;true;plains;1
161;88;234;191;land;false;plains;1
162;245;134;211;land;false;plains;1
163;117;217;206;land;true;plains;1
164;183;175;182;land;false;plains;1
165;192;151;168;land;false;plains;1
166;240;98;248;land;true;plains;1
167;159;229;197;land;false;plains;1
168;128;180;201;land;false;plains;1
169;217;231;253;land;false;plains;1
170;142;112;247;land;false;plains;1
171;206;137;193;land;false;plains;1
172;180;138;250;land;false;plains;1
173;225;76;233;land;true;plains;1
174;174;211;186;land;false;plains;1
175;224;88;254;land;true;plains;1
176;201;245;202;land;false;plains;1
177;207;191;226;land;false;plains;1
178;175;254;248;land;false;plains;1
179;172;216;200;land;false;plains;1
180;227;128;220;land;true;plains;1
181;189;150;230;land;false;plains;1
182;203;219;115;land;false;plains;1
183;234;249;44;land;false;plains;1
184;196;223;151;land;true;plains;1
185;168;197;237;land;false;plains;1
186;154;243;180;land;true;plains;1
187;185;240;129;land;false;plains;1
188;178;182;141;land;true;plains;1
189;245;248;243;land;false;plains;1
190;168;179;158;land;false;plains;1
191;87;196;247;land;true;plains;1
192;187;237;93;land;false;plains;1
193;166;252;213;land;true;plains;1
194;237;148;203;land;false;plains;1
195;191;157;239;land;false;plains;1
196;239;39;241;land;false;plains;1
197;247;114;200;land;false;plains;1
198;238;191;142;land;true;plains;1
199;208;191;236;land;false;plains;1
200;226;202;245;land;false;plains;1
201;121;251;199;land;false;plains;1
202;237;231;127;land;false;plains;1
203;247;184;236;land;false;plains;1
204;224;193;124;land;false;plains;1
205;222;182;210;land;false;plains;1
206;231;134;202;land;false;plains;1
207;230;203;147;land;false;plains;1
208;218;206;147;land;false;plains;1
209;188;189;232;land;false;plains;1
210;197;63;247;land;true;plains;1
211;91;192;249;land;true;plains;1
212;104;229;237;land;false;plains;1
213;246;242;254;land;false;plains;1
214;244;88;198;land;false;plains;1
215;207;126;200;land;false;plains;1
216;211;178;126;land;false;plains;1
217;252;189;68;land;false;plains;1
218;173;240;230;land;false;plains;1
219;226;184;96;land;false;plains;1
220;124;223;199;land;false;plains;1
221;59;211;245;land;true;plains;1
222;220;141;184;land;false;plains;1
223;211;103;233;land;true;plains;1
224;205;218;195;land;true;plains;1
225;217;248;108;land;false;plains;1
226;148;177;189;land;true;plains;1
227;70;209;243;land;false;plains;1
228;218;198;139;land;false;plains;1
229;130;251;200;land;false;plains;1
230;241;117;252;land;false;plains;1
231;128;245;135;land;true;plains;1
232;134;175;235;land;true;plains;1
233;170;199;202;land;false;plains;1
234;122;214;214;land;false;plains;1
235;200;203;227;land;false;plains;1
236;178;111;247;land;false;plains;1
237;235;164;102;land;false;plains;1
238;167;189;231;land;false;plains;1
239;249;210;212;land;false;plains;1
240;68;245;196;land;false;plains;1
241;132;188;215;land;false;plains;1
242;195;241;110;land;false;plains;1
243;140;204;184;land;false;plains;1
244;235;238;48;land;false;plains;1
245;227;202;74;land;false;plains;1
246;191;254;209;land;false;plains;1
247;235;147;240;land;false;plains;1
248;111;222;252;land;true;plains;1
249;131;226;178;land;false;plains;1
250;95;211;201;land;true;plains;1
251;145;204;207;land;false;plains;1
252;243;233;44;land;false;plains;1
253;204;252;219;land;false;plains;1
254;204;253;111;land;false;plains;1
255;192;253;110;land;false;plains;1
256;200;202;204;land;true;plains;1
257;242;209;202;land;true;plains;1
258;158;144;214;land;false;plains;1
259;184;118;199;land;false;plains;1
260;196;116;216;land;false;plains;1
261;198;206;223;land;false;plains;1
262;207;186;108;land;true;plains;1
263;240;188;218;land;false;plains;1
264;207;170;231;land;false;plains;1
265;200;231;104;land;false;plains;1
266;203;152;223;land;true;plains;1
267;210;173;202;land;false;plains;1
268;59;204;254;land;true;plains;1
269;224;143;245;land;false;plains;1
270;151;161;207;land;false;plains;1
271;123;235;207;land;true;plains;1
272;234;110;181;land;false;plains;1
273;245;201;95;land;true;plains;1
274;186;241;159;land;false;plains;1
275;237;205;214;land;true;plains;1
276;205;185;205;land;false;plains;1
277;235;127;247;land;false;plains;1
278;124;199;193;land;false;plains;1
279;200;136;251;land;false;plains;1
280;146;164;220;land;false;plains;1
281;43;248;229;land;false;plains;1
282;148;244;214;land;true;plains;1
283;151;182;195;land;false;plains;1
284;217;201;174;land;false;plains;1
285;207;232;141;land;false;plains;1
286;78;222;241;land;true;plains;1
287;138;219;150;land;false;plains;1
288;86;246;180;land;true;plains;1
289;238;232;73;land;false;plains;1
290;64;216;243;land;false;plains;1
291;115;233;244;land;false;plains;1
292;210;194;142;land;false;plains;1
293;243;206;195;land;false;plains;1
294;251;237;40;land;false;plains;1
295;54;206;241;land;false;plains;1
296;102;209;218;land;true;plains;1
297;211;225;198;land;true;plains;1
298;211;220;244;land;false;plains;1
299;223;213;237;land;false;plains;1
300;233;253;22;land;false;plains;1
301;176;218;111;land;false;plains;1
302;231;235;254;land;false;plains;1
303;249;104;248;land;false;plains;1
304;207;254;117;land;false;plains;1
305;216;170;156;land;true;plains;1
306;196;182;221;land;false;plains;1
307;201;244;80;land;true;plains;1
308;142;144;253;land;false;plains;1
309;192;230;210;land;false;plains;1
310;245;173;194;land;false;plains;1
311;114;184;244;land;false;plains;1
312;208;224;213;land;false;plains;1
313;158;240;124;land;false;plains;1
314;219;153;149;land;false;plains;1
315;196;185;124;land;false;plains;1
316;190;143;175;land;false;plains;1
317;189;253;245;land;true;plains;1
318;219;213;144;land;false;plains;1
319;167;225;238;land;true;plains;1
320;236;93;226;land;false;plains;1
321;209;148;199;land;false;plains;1
322;190;114;241;land;false;plains;1
323;103;198;224;land;false;plains;1
324;244;214;123;land;false;plains;1
325;190;176;247;land;false;plains;1
326;183;179;246;land;true;plains;1
327;217;151;210;land;true;plains;1
328;101;254;244;land;true;plains;1
329;189;212;200;land;false;plains;1
330;73;199;234;land;false;plains;1
331;100;240;222;land;false;plains;1
332;195;216;154;land;true;plains;1
333;186;176;236;land;true;plains;1
334;196;221;179;land;false;plains;1
335;51;233;235;land;false;plains;1
336;144;243;216;land;false;plains;1
337;208;236;92;land;true;plains;1
338;214;102;190;land;false;plains;1
339;164;207;139;land;true;plains;1
340;144;224;151;land;true;plains;1
341;250;166;94;land;false;plains;1
342;133;169;204;land;true;plains;1
343;127;248;164;land;false;plains;1
344;156;146;233;land;false;plains;1
345;168;214;228;land;false;plains;1
346;237;232;241;land;false;plains;1
347;205;216;110;land;false;plains;1
348;208;224;248;land;false;plains;1
349;243;137;181;land;false;plains;1
350;184;207;174;land;true;plains;1
351;134;220;186;land;false;plains;1
352;248;159;238;land;false;plains;1
353;245;110;252;land;false;plains;1
354;254;210;147;land;false;plains;1
355;228;187;233;land;false;plains;1
356;243;175;145;land;false;plains;1
357;174;124;246;land;true;plains;1
358;235;247;152;land;false;plains;1
359;76;242;215;land;false;plains;1
360;152;244;245;land;false;plains;1
361;252;82;252;land;true;plains;1
362;237;154;204;land;true;plains;1
363;241;230;234;land;true;plains;1
364;135;216;241;land;true;plains;1
365;214;197;248;land;false;plains;1
366;241;203;74;land;true;plains;1
367;175;157;200;land;true;plains;1
368;138;133;245;land;false;plains;1
369;169;229;188;land;false;plains;1
370;203;199;230;land;false;plains;1
371;150;138;251;land;false;plains;1
372;233;188;203;land;false;plains;1
373;114;150;244;land;false;plains;1
374;195;239;131;land;true;plains;1
375;99;242;178;land;false;plains;1
376;193;200;111;land;true;plains;1
377;176;147;233;land;false;plains;1
378;232;187;120;land;true;plains;1
379;94;188;223;land;true;plains;1
380;216;253;184;land;true;plains;1
381;126;150;239;land;false;plains;1
382;231;194;222;land;false;plains;1
383;241;235;185;land;false;plains;1
384;245;225;52;land;true;plains;1
385;129;243;236;land;false;plains;1
386;227;165;247;land;false;plains;1
387;134;196;247;land;false;plains;1
388;218;106;216;land;false;plains;1
389;208;223;138;land;false;plains;1
390;207;177;159;land;false;plains;1
391;200;218;222;land;false;plains;1
392;192;114;239;land;false;plains;1
393;178;168;185;land;true;plains;1
394;135;178;196;land;false;plains;1
395;28;242;247;land;true;plains;1
396;184;124;206;land;false;plains;1
397;93;232;208;land;false;plains;1
398;250;235;41;land;true;plains;1
399;181;248;199;land;false;plains;1
400;238;191;146;land;false;plains;1
401;143;226;186;land;true;plains;1
402;52;248;234;land;false;plains;1
403;171;207;213;land;true;plains;1
404;115;223;205;land;false;plains;1
405;196;253;102;land;false;plains;1
406;235;165;130;land;true;plains;1
407;92;174;235;land;true;plains;1
408;254;207;241;land;false;plains;1
409;215;178;204;land;true;plains;1
410;219;252;233;land;false;plains;1
411;110;239;153;land;false;plains;1
412;177;245;241;land;false;plains;1
413;104;243;242;land;false;plains;1
414;173;156;247;land;false;plains;1
415;249;119;211;land;true;plains;1
416;234;183;153;land;true;plains;1
417;207;220;143;land;true;plains;1
418;163;245;170;land;false;plains;1
419;176;250;207;land;false;plains;1
420;244;31;238;land;false;plains;1
421;217;74;240;land;false;plains;1
422;244;238;198;land;false;plains;1
423;235;208;203;land;false;plains;1
424;249;199;242;land;false;plains;1
425;89;234;190;land;false;plains;1
426;179;134;202;land;true;plains;1
427;158;178;217;land;false;plains;1
428;213;206;242;land;false;plains;1
429;225;160;148;land;false;plains;1
430;82;219;224;land;false;plains;1
431;204;250;152;land;true;plains;1
432;84;254;221;land;true;plains;1
433;220;174;223;land;false;plains;1
434;196;145;217;land;false;plains;1
435;190;165;225;land;false;plains;1
436;191;214;119;land;true;plains;1
437;187;192;243;land;false;plains;1
438;241;199;73;land;false;plains;1
439;190;233;86;land;false;plains;1
440;209;200;153;land;false;plains;1
441;203;156;162;land;false;plains;1
442;200;237;119;land;false;plains;1
443;203;239;110;land;true;plains;1
444;180;254;133;land;false;plains;1
445;227;211;100;land;true;plains;1
446;213;202;217;land;false;plains;1
447;181;244;238;land;true;plains;1
448;150;150;231;land;true;plains;1
449;121;178;219;land;false;plains;1
450;233;138;225;land;true;plains;1
451;225;248;231;land;false;plains;1
452;216;162;233;land;true;plains;1
453;229;241;143;land;false;plains;1
454;239;161;183;land;true;plains;1
455;235;232;36;land;false;plains;1
456;204;214;115;land;false;plains;1
457;130;240;232;land;false;plains;1
458;139;215;217;land;false;plains;1
459;226;161;141;land;false;plains;1
460;107;226;215;land;false;plains;1
461;164;203;156;land;false;plains;1
462;239;171;183;land;false;plains;1
463;250;129;157;land;false;plains;1
464;176;243;124;land;true;plains;1
465;245;130;166;land;true;plains;1
466;180;251;232;land;false;plains;1
467;181;111;239;land;true;plains;1
468;220;217;188;land;true;plains;1
469;232;101;192;land;true;plains;1
470;135;208;224;land;false;plains;1
471;233;246;139;land;true;plains;1
472;182;183;205;land;false;plains;1
473;193;203;115;land;false;plains;1
474;230;222;107;land;true;plains;1
475;184;101;228;land;true;plains;1
476;173;239;183;land;true;plains;1
477;241;218;168;land;true;plains;1
478;251;213;97;land;false;plains;1
479;99;244;231;land;false;plains;1
480;162;169;248;land;false;plains;1
481;209;93;233;land;false;plains;1
482;157;196;249;land;false;plains;1
483;242;217;64;land;false;plains;1
484;234;230;240;land;false;plains;1
485;198;232;96;land;false;plains;1
486;250;141;180;land;false;plains;1
487;186;84;232;land;true;plains;1
488;80;251;254;land;false;plains;1
489;200;93;212;land;true;plains;1
490;250;146;146;land;true;plains;1
491;222;144;169;land;false;plains;1
492;199;231;179;land;false;plains;1
493;201;154;169;land;true;plains;1
494;222;160;161;land;false;plains;1
495;201;247;168;land;false;plains;1
496;248;32;240;land;false;plains;1
497;92;192;236;land;false;plains;1
498;111;211;250;land;false;plains;1
499;214;167;170;land;false;plains;1
500;231;225;154;land;true;plains;1
501;235;158;222;land;false;plains;1
502;126;253;233;land;true;plains;1
503;155;223;236;land;false;plains;1
504;122;232;231;land;true;plains;1
505;59;212;232;land;false;plains;1
506;220;177;105;land;true;plains;1
507;219;199;158;land;false;plains;1
508;143;248;166;land;false;plains;1
509;167;213;174;land;false;plains;1
510;234;185;112;land;true;plains;1
511;192;113;217;land;false;plains;1
512;181;251;131;land;false;plains;1
513;163;224;222;land;false;plains;1
514;175;129;226;land;false;plains;1
515;229;223;208;land;false;plains;1
516;244;204;207;land;true;plains;1
517;214;180;250;land;true;plains;1
518;210;225;179;land;false;plains;1
519;156;149;203;land;false;plains;1
520;232;173;120;land;false;plains;1
521;219;97;241;land;true;plains;1
522;250;31;236;land;false;plains;1
523;83;211;220;land;false;plains;1
524;140;160;248;land;false;plains;1
525;219;229;242;land;false;plains;1
526;144;247;250;land;true;plains;1
527;205;72;241;land;false;plains;1
528;189;183;135;land;false;plains;1
529;234;218;237;land;true;plains;1
530;227;232;247;land;false;plains;1
531;197;69;252;land;true;plains;1
532;247;140;234;land;true;plains;1
533;145;230;194;land;false;plains;1
534;60;232;239;land;false;plains;1
535;202;132;191;land;true;plains;1
536;148;219;213;land;true;plains;1
537;199;118;195;land;false;plains;1
538;236;106;212;land;true;plains;1
539;235;196;133;land;false;plains;1
540;250;245;109;land;false;plains;1
541;139;226;142;land;true;plains;1
542;249;241;217;land;false;plains;1
543;251;219;66;land;true;plains;1
544;106;248;205;land;false;plains;1
545;36;218;253;land;true;plains;1
546;209;153;174;land;false;plains;1
547;227;117;176;land;false;plains;1
548;80;241;235;land;false;plains;1
549;135;218;149;land;false;plains;1
550;210;118;238;land;true;plains;1
551;156;233;247;land;false;plains;1
552;129;202;239;land;true;plains;1
553;61;233;233;land;false;plains;1
554;236;234;245;land;false;plains;1
555;186;168;220;land;false;plains;1
556;214;228;189;land;false;plains;1
557;156;195;204;land;true;plains;1
558;239;77;249;land;false;plains;1
559;91;240;228;land;true;plains;1
560;217;219;103;land;true;plains;1
561;245;210;165;land;false;plains;1
562;126;230;205;land;true;plains;1
563;212;120;197;land;true;plains;1
564;126;204;233;land;true;plains;1
565;167;223;116;land;false;plains;1
566;200;235;154;land;false;plains;1
567;242;231;159;land;false;plains;1
568;237;237;125;land;false;plains;1
569;96;254;176;land;false;plains;1
570;226;179;175;land;true;plains;1
571;244;238;59;land;false;plains;1
572;137;254;248;land;false;plains;1
573;53;246;231;land;false;plains;1
574;56;252;254;land;false;plains;1
575;192;249;71;land;true;plains;1
576;243;69;232;land;false;plains;1
577;183;235;131;land;false;plains;1
578;254;87;217;land;false;plains;1
579;231;216;170;land;true;plains;1
580;186;249;102;land;false;plains;1
581;90;193;245;land;false;plains;1
582;196;198;170;land;true;plains;1
583;228;197;244;land;true;plains;1
584;176;169;234;land;false;plains;1
585;187;228;206;land;true;plains;1
586;153;172;181;land;false;plains;1
587;180;212;140;land;false;plains;1
588;132;175;249;land;true;plains;1
589;252;192;243;land;true;plains;1
590;227;150;182;land;false;plains;1
591;132;247;210;land;false;plains;1
592;137;215;192;land;false;plains;1
593;234;141;219;land;false;plains;1
594;245;214;234;land;false;plains;1
595;65;245;196;land;false;plains;1
596;172;235;166;land;true;plains;1
597;252;204;126;land;false;plains;1
598;218;239;52;land;false;plains;1
599;207;183;163;land;true;plains;1
600;247;61;254;land;true;plains;1
601;252;205;66;land;false;plains;1
602;245;189;155;land;false;plains;1
603;108;213;238;land;false;plains;1
604;239;156;200;land;false;plains;1
605;143;246;162;land;false;plains;1
606;207;160;212;land;false;plains;1
607;247;249;228;land;false;plains;1
608;95;210;225;land;false;plains;1
609;241;186;247;land;false;plains;1
610;65;251;237;land;false;plains;1
611;194;241;82;land;false;plains;1
612;158;216;153;land;true;plains;1
613;174;140;227;land;false;plains;1
614;239;243;30;land;true;plains;1
615;179;199;156;land;false;plains;1
616;196;128;240;land;false;plains;1
617;188;170;171;land;true;plains;1
618;203;204;157;land;false;plains;1
619;196;64;244;land;false;plains;1
620;65;198;243;land;false;plains;1
621;247;228;59;land;false;plains;1
622;193;239;195;land;false;plains;1
623;198;202;177;land;false;plains;1
624;126;242;190;land;false;plains;1
625;183;248;83;land;true;plains;1
626;123;222;222;land;true;plains;1
627;186;214;196;land;false;plains;1
628;103;251;192;land;false;plains;1
629;224;190;175;land;false;plains;1
630;218;213;164;land;true;plains;1
631;161;209;156;land;true;plains;1
632;201;221;85;land;false;plains;1
633;146;252;181;land;false;plains;1
634;110;192;253;land;false;plains;1
635;199;205;196;land;false;plains;1
636;192;207;165;land;true;plains;1
637;203;231;219;land;true;plains;1
638;5;41;44;sea;false;ocean;0
639;14;2;81;sea;false;ocean;0
640;52;5;15;sea;true;ocean;0
641;15;23;11;sea;false;ocean;0
642;10;31;45;sea;true;ocean;0
643;56;25;6;sea;false;ocean;0
644;21;20;36;sea;true;ocean;0
645;0;39;31;sea;false;ocean;0
646;46;31;11;sea;false;ocean;0
647;16;8;63;sea;false;ocean;0
648;57;4;7;sea;false;ocean;0
649;4;34;5;sea;false;ocean;0
650;23;11;54;sea;false;ocean;0
651;4;52;37;sea;false;ocean;0
652;86;8;0;sea;false;ocean;0
653;20;45;29;sea;false;ocean;0
654;29;13;25;sea;false;ocean;0
655;28;8;50;sea;false;ocean;0
656;34;38;14;sea;false;ocean;0
657;47;12;22;sea;true;ocean;0
658;7;23;53;sea;false;ocean;0
659;16;30;24;sea;false;ocean;0
660;54;2;43;sea;false;ocean;0
661;10;15;58;sea;true;ocean;0
662;9;12;48;sea;false;ocean;0
663;36;17;43;sea;false;ocean;0
664;35;20;20;sea;false;ocean;0
665;74;6;13;sea;false;ocean;0
666;28;60;11;sea;false;ocean;0
667;4;17;33;sea;false;ocean;0
668;3;61;33;sea;false;ocean;0
669;4;62;16;sea;true;ocean;0
670;11;0;65;sea;false;ocean;0
671;44;15;31;sea;false;ocean;0
672;43;12;14;sea;false;ocean;0
673;23;21;6;sea;true;ocean;0
674;7;35;44;sea;false;ocean;0
675;57;5;20;sea;true;ocean;0
676;11;51;7;sea;false;ocean;0
677;35;19;7;sea;false;ocean;0
678;60;10;12;sea;false;ocean;0
679;9;62;21;sea;false;ocean;0
680;56;33;0;sea;false;ocean;0
681;47;10;18;sea;false;ocean;0
682;10;7;69;sea;false;ocean;0
683;55;3;39;sea;false;ocean;0
684;2;17;3;sea;false;ocean;0
685;47;20;0;sea;true;ocean;0
686;18;28;9;sea;false;ocean;0
687;59;1;18;sea;false;ocean;0
688;12;11;60;sea;false;ocean;0
689;6;58;23;sea;true;ocean;0
690;26;31;26;sea;false;ocean;0
691;54;31;11;sea;false;ocean;0
692;59;9;19;sea;false;ocean;0
693;22;1;69;sea;true;ocean;0
694;22;12;35;sea;true;ocean;0
695;21;7;60;sea;false;ocean;0
696;29;33;25;sea;true;ocean;0
697;10;7;63;sea;false;ocean;0
698;40;12;33;sea;false;ocean;0
699;70;17;6;sea;false;ocean;0
700;3;16;78;sea;false;ocean;0
701;33;13;19;sea;true;ocean;0
702;32;6;32;sea;true;ocean;0
703;60;17;7;sea;false;ocean;0
704;18;48;8;sea;false;ocean;0
705;14;72;2;sea;false;ocean;0
706;17;23;41;sea;false;ocean;0
707;14;15;47;sea;false;ocean;0
708;8;15;22;sea;true;ocean;0
709;8;26;33;sea;false;ocean;0
710;11;80;4;sea;true;ocean;0
711;31;8;5;sea;false;ocean;0
712;9;22;13;sea;true;ocean;0
713;36;39;9;sea;false;ocean;0
714;13;3;77;sea;true;ocean;0
715;50;12;16;sea;false;ocean;0
716;18;5;2;sea;false;ocean;0
717;4;15;51;sea;true;ocean;0
718;37;5;4;sea;false;ocean;0
719;1;31;35;sea;true;ocean;0
720;6;1;2;sea;false;ocean;0
721;3;28;38;sea;false;ocean;0
722;14;5;44;sea;false;ocean;0
723;18;1;23;sea;false;ocean;0
724;3;50;4;sea;false;ocean;0
725;9;20;46;sea;false;ocean;0
726;10;30;49;sea;false;ocean;0
727;67;2;15;sea;false;ocean;0
728;35;16;16;sea;false;ocean;0
729;9;50;9;sea;false;ocean;0
730;29;17;52;sea;false;ocean;0
731;12;26;14;sea;false;ocean;0
732;51;14;18;sea;false;ocean;0
733;8;26;35;sea;false;ocean;0
734;12;12;43;sea;false;ocean;0
735;12;24;54;sea;false;ocean;0
736;49;33;11;sea;true;ocean;0
737;14;2;39;sea;false;ocean;0
738;11;30;6;sea;false;ocean;0
739;4;52;12;sea;true;ocean;0
740;63;18;6;sea;false;ocean;0
741;12;11;68;sea;true;ocean;0
742;6;19;51;sea;true;ocean;0
743;28;1;60;sea;true;ocean;0
744;16;42;39;sea;false;ocean;0
745;13;41;32;sea;false;ocean;0
746;3;2;59;sea;false;ocean;0
747;11;39;6;sea;false;ocean;0
748;0;66;9;sea;true;ocean;0
749;12;7;64;sea;true;ocean;0
750;17;30;8;sea;false;ocean;0
751;83;1;5;sea;false;ocean;0
752;20;58;2;sea;false;ocean;0
753;38;16;7;sea;false;ocean;0
754;6;40;13;sea;false;ocean;0
755;18;10;25;sea;false;ocean;0
756;5;28;20;sea;false;ocean;0
757;32;29;5;sea;false;ocean;0
758;8;34;49;sea;true;ocean;0
759;22;60;0;sea;false;ocean;0
760;2;38;6;sea;false;ocean;0
761;17;36;41;sea;true;ocean;0
762;47;1;36;sea;false;ocean;0
763;14;5;79;sea;false;ocean;0
764;15;23;5;sea;false;ocean;0
765;0;14;80;sea;false;ocean;0
766;10;75;4;sea;true;ocean;0
767;27;21;33;sea;false;ocean;0
768;56;25;8;sea;false;ocean;0
769;17;5;40;sea;false;ocean;0
770;2;8;25;sea;false;ocean;0
771;17;31;26;sea;false;ocean;0
772;40;12;0;sea;false;ocean;0
773;20;19;29;sea;true;ocean;0
774;6;3;8;sea;false;ocean;0
775;7;6;68;sea;false;ocean;0
776;55;15;24;sea;false;ocean;0
777;41;8;46;sea;false;ocean;0
778;36;6;45;sea;false;ocean;0
779;8;34;30;sea;false;ocean;0
780;4;9;56;sea;false;ocean;0
781;15;8;0;sea;false;ocean;0
782;17;22;43;sea;true;ocean;0
783;34;39;25;sea;false;ocean;0
784;28;15;5;sea;false;ocean;0
785;5;7;61;sea;false;ocean;0
786;39;17;19;sea;false;ocean;0
787;28;1;6;sea;false;ocean;0
788;12;27;21;sea;false;ocean;0
789;5;64;7;sea;false;ocean;0
790;26;31;37;sea;false;ocean;0
791;36;26;1;sea;false;ocean;0
792;43;2;37;sea;false;ocean;0
793;47;8;30;sea;false;ocean;0
794;67;10;16;sea;false;ocean;0
795;32;29;38;sea;false;ocean;0
796;11;0;86;sea;false;ocean;0
797;8;10;39;sea;false;ocean;0
798;1;35;12;sea;false;ocean;0
799;62;2;16;sea;false;ocean;0
800;3;9;73;sea;false;ocean;0
801;21;33;30;sea;false;ocean;0
802;40;33;13;sea;false;ocean;0
803;3;20;19;sea;true;ocean;0
804;25;55;18;sea;true;ocean;0
805;73;5;20;sea;false;ocean;0
806;50;10;24;sea;false;ocean;0
807;53;28;18;sea;true;ocean;0
808;27;8;20;sea;false;ocean;0
809;10;88;0;sea;false;ocean;0
810;30;30;0;sea;true;ocean;0
811;19;65;15;sea;true;ocean;0
812;39;32;6;sea;false;ocean;0
813;9;68;1;sea;false;ocean;0
814;11;55;32;sea;false;ocean;0
815;21;13;4;sea;false;ocean;0
816;16;2;5;sea;false;ocean;0
817;35;34;10;sea;true;ocean;0
818;33;36;22;sea;false;ocean;0
819;27;56;2;sea;false;ocean;0
820;4;23;60;sea;false;ocean;0
821;13;34;9;sea;false;ocean;0
822;0;15;30;sea;false;ocean;0
823;46;16;11;sea;false;ocean;0
824;53;11;22;sea;true;ocean;0
825;1;61;16;sea;false;ocean;0
826;23;6;2;sea;false;ocean;0
827;11;11;9;sea;true;ocean;0
828;45;16;8;sea;false;ocean;0
829;43;22;5;sea;true;ocean;0
830;17;2;61;sea;false;ocean;0
831;12;13;61;sea;false;ocean;0
832;32;30;21;sea;true;ocean;0
833;5;4;46;sea;false;ocean;0
834;32;60;5;sea;false;ocean;0
835;46;29;11;sea;false;ocean;0
836;10;37;5;sea;true;ocean;0
837;6;23;14;sea;true;ocean;0
838;24;40;5;sea;true;ocean;0
839;37;11;30;sea;false;ocean;0
840;46;5;37;sea;false;ocean;0
841;27;24;24;sea;true;ocean;0
842;0;28;67;sea;false;ocean;0
843;17;3;9;sea;false;ocean;0
844;10;15;51;sea;false;ocean;0
845;20;43;33;sea;false;ocean;0
846;11;11;48;sea;false;ocean;0
847;52;13;28;sea;false;ocean;0
848;2;30;9;sea;false;ocean;0
849;2;7;77;sea;true;ocean;0
850;7;65;13;sea;false;ocean;0
851;9;55;25;sea;false;ocean;0
852;20;36;2;sea;true;ocean;0
853;4;38;19;sea;false;ocean;0
854;13;51;24;sea;false;ocean;0
855;1;41;36;sea;false;ocean;0
856;11;16;54;sea;false;ocean;0
857;22;51;11;sea;false;ocean;0
858;7;35;48;sea;false;ocean;0
859;0;23;36;sea;false;ocean;0
860;32;16;31;sea;true;ocean;0
861;6;60;32;sea;true;ocean;0
862;71;2;22;sea;true;ocean;0
863;26;24;42;sea;false;ocean;0
864;17;2;40;sea;false;ocean;0
865;45;16;17;sea;false;ocean;0
866;8;23;67;sea;false;ocean;0
867;55;7;26;sea;false;ocean;0
868;15;9;68;sea;true;ocean;0
869;11;79;2;sea;false;ocean;0
870;25;10;21;sea;false;ocean;0
871;8;9;55;sea;false;ocean;0
872;16;23;12;sea;true;ocean;0
873;16;11;39;sea;false;ocean;0
874;25;72;2;sea;false;ocean;0
875;83;2;10;sea;false;ocean;0
876;54;3;18;sea;false;ocean;0
877;6;13;4;sea;false;ocean;0
878;31;49;18;sea;true;ocean;0
879;10;64;13;sea;false;ocean;0
880;4;14;69;sea;false;ocean;0
881;0;45;35;sea;false;ocean;0
882;32;5;50;sea;true;ocean;0
883;30;47;8;sea;false;ocean;0
884;21;12;3;sea;false;ocean;0
885;4;26;52;sea;false;ocean;0
886;48;38;11;sea;false;ocean;0
887;72;4;22;sea;false;ocean;0
888;15;27;35;sea;false;ocean;0
889;10;34;45;sea;false;ocean;0
890;3;2;24;sea;false;ocean;0
891;9;46;41;sea;true;ocean;0
892;49;4;31;sea;true;ocean;0
893;4;46;34;sea;false;ocean;0
894;12;61;20;sea;false;ocean;0
895;41;12;21;sea;false;ocean;0
896;9;10;17;sea;false;ocean;0
897;77;10;9;sea;false;ocean;0
898;7;26;15;sea;false;ocean;0
899;16;25;46;sea;false;ocean;0
900;32;11;3;sea;false;ocean;0
901;32;4;15;sea;false;ocean;0
902;26;62;1;sea;false;ocean;0
903;23;45;0;sea;false;ocean;0
904;8;29;60;sea;false;ocean;0
905;2;16;64;sea;false;ocean;0
906;4;29;4;sea;true;ocean;0
907;13;45;10;sea;false;ocean;0
908;38;9;44;sea;false;ocean;0
909;70;3;18;sea;false;ocean;0
910;39;10;34;sea;true;ocean;0
911;8;14;37;sea;false;ocean;0
912;11;46;40;sea;true;ocean;0
913;9;22;41;sea;true;ocean;0
914;26;5;3;sea;false;ocean;0
915;22;63;6;sea;false;ocean;0
916;8;23;41;sea;false;ocean;0
917;0;18;51;sea;true;ocean;0
918;68;23;5;sea;false;ocean;0
919;32;2;29;sea;true;ocean;0
920;36;3;4;sea;false;ocean;0
921;18;1;66;sea;false;ocean;0
922;50;20;6;sea;true;ocean;0
923;18;26;12;sea;false;ocean;0
924;49;9;9;sea;false;ocean;0
925;63;6;29;sea;false;ocean;0
926;38;2;58;sea;true;ocean;0
927;35;26;2;sea;false;ocean;0
928;14;53;12;sea;false;ocean;0
929;38;9;45;sea;false;ocean;0
930;50;20;0;sea;false;ocean;0
931;10;77;11;sea;false;ocean;0
932;49;0;16;sea;false;ocean;0
933;47;9;37;sea;false;ocean;0
934;55;23;12;sea;true;ocean;0
935;27;57;1;sea;false;ocean;0
936;14;4;47;sea;false;ocean;0
937;8;50;29;sea;false;ocean;0
938;9;0;29;sea;false;ocean;0
939;9;19;21;sea;true;ocean;0
940;0;33;3;sea;true;ocean;0
941;14;57;5;sea;false;ocean;0
942;4;59;28;sea;false;ocean;0
943;5;67;20;sea;false;ocean;0
944;19;1;11;sea;false;ocean;0
945;66;4;0;sea;true;ocean;0
946;44;42;4;sea;true;ocean;0
947;31;34;6;sea;false;ocean;0
948;30;32;11;sea;true;ocean;0
949;11;8;18;sea;false;ocean;0
950;12;0;60;sea;false;ocean;0
951;53;31;5;sea;false;ocean;0
952;15;44;20;sea;true;ocean;0
953;14;4;17;sea;true;ocean;0
954;27;24;47;sea;true;ocean;0
955;7;39;39;sea;false;ocean;0
956;19;2;18;sea;true;ocean;0
957;35;24;34;sea;false;ocean;0
958;59;6;3;sea;false;ocean;0
959;22;15;13;sea;true;ocean;0
960;3;41;9;sea;false;ocean;0
961;3;21;73;sea;false;ocean;0
962;3;5;4;sea;true;ocean;0
963;42;13;28;sea;false;ocean;0
964;9;44;0;sea;false;ocean;0
965;12;51;31;sea;false;ocean;0
966;22;12;2;sea;true;ocean;0
967;32;3;5;sea;false;ocean;0
968;20;42;36;sea;true;ocean;0
969;8;16;17;sea;true;ocean;0
970;13;11;16;sea;false;ocean;0
971;10;19;13;sea;true;ocean;0
972;22;15;8;sea;true;ocean;0
973;3;9;49;sea;true;ocean;0
974;36;27;1;sea;false;ocean;0
975;2;10;31;sea;false;ocean;0
976;3;67;24;sea;false;ocean;0
977;1;86;4;sea;false;ocean;0
978;11;8;55;sea;true;ocean;0
979;14;12;18;sea;false;ocean;0
980;40;19;28;sea;false;ocean;0
981;40;33;2;sea;false;ocean;0
982;60;8;1;sea;false;ocean;0
983;2;16;56;sea;false;ocean;0
984;3;19;8;sea;true;ocean;0
985;18;15;5;sea;false;ocean;0
986;62;6;21;sea;false;ocean;0
987;24;25;11;sea;false;ocean;0
988;36;13;1;sea;false;ocean;0
989;9;67;14;sea;false;ocean;0
990;2;28;13;sea;false;ocean;0
991;22;4;69;sea;true;ocean;0
992;74;8;6;sea;false;ocean;0
993;39;37;9;sea;false;ocean;0
994;21;6;23;sea;false;ocean;0
995;18;4;12;sea;false;ocean;0
996;5;2;15;sea;true;ocean;0
997;23;32;34;sea;false;ocean;0
998;20;31;42;sea;true;ocean;0
999;60;9;1;sea;true;ocean;0
1000;34;23;21;sea;false;ocean;0
1001;7;34;25;sea;true;ocean;0
1002;39;35;16;sea;false;ocean;0
1003;11;28;51;sea;true;ocean;0
1004;28;7;40;sea;false;ocean;0
1005;20;26;20;sea;false;ocean;0
1006;30;0;51;sea;false;ocean;0
1007;28;35;5;sea;false;ocean;0
1008;33;24;33;sea;false;ocean;0
1009;24;57;0;sea;true;ocean;0
1010;71;11;13;sea;true;ocean;0
1011;10;20;6;sea;true;ocean;0
1012;6;86;4;sea;true;ocean;0
1013;62;20;14;sea;false;ocean;0
1014;6;39;9;sea;true;ocean;0
1015;25;20;39;sea;false;ocean;0
1016;68;18;6;sea;false;ocean;0
1017;25;27;37;sea;true;ocean;0
1018;12;53;7;sea;true;ocean;0
1019;6;25;64;sea;true;ocean;0
1020;2;8;1;sea;false;ocean;0
1021;42;41;0;sea;false;ocean;0
1022;62;19;11;sea;true;ocean;0
1023;15;0;3;sea;false;ocean;0
1024;7;6;65;sea;false;ocean;0
1025;56;14;11;sea;true;ocean;0
1026;2;61;5;sea;false;ocean;0
1027;42;2;26;sea;false;ocean;0
1028;15;25;35;sea;true;ocean;0
1029;20;25;17;sea;false;ocean;0
1030;16;5;17;sea;false;ocean;0
1031;54;4;41;sea;true;ocean;0
1032;43;16;21;sea;false;ocean;0
1033;50;0;12;sea;true;ocean;0
1034;23;11;14;sea;false;ocean;0
1035;2;57;21;sea;false;ocean;0
1036;22;13;64;sea;false;ocean;0
1037;27;12;35;sea;false;ocean;0
1038;26;51;13;sea;true;ocean;0
1039;68;20;4;sea;false;ocean;0
1040;52;2;34;sea;false;ocean;0
1041;24;23;42;sea;false;ocean;0
1042;8;7;75;sea;false;ocean;0
1043;39;56;4;sea;false;ocean;0
1044;2;35;25;sea;false;ocean;0
1045;27;15;36;sea;true;ocean;0
1046;10;28;54;sea;true;ocean;0
1047;22;28;35;sea;true;ocean;0
1048;37;13;26;sea;false;ocean;0
1049;23;15;61;sea;false;ocean;0
1050;23;18;42;sea;false;ocean;0
1051;17;1;64;sea;false;ocean;0
1052;30;26;37;sea;true;ocean;0
1053;19;48;16;sea;true;ocean;0
1054;1;3;27;sea;false;ocean;0
1055;13;19;45;sea;false;ocean;0
1056;20;11;29;sea;false;ocean;0
1057;7;43;14;sea;false;ocean;0
1058;29;14;12;sea;false;ocean;0
1059;33;34;17;sea;false;ocean;0
1060;30;28;3;sea;true;ocean;0
1061;29;21;40;sea;false;ocean;0
1062;0;31;19;sea;false;ocean;0
1063;1;14;80;sea;false;ocean;0
1064;9;5;29;sea;false;ocean;0
1065;21;2;5;sea;true;ocean;0
1066;17;23;39;sea;false;ocean;0
1067;26;64;2;sea;false;ocean;0
1068;13;25;48;sea;false;ocean;0
1069;21;20;19;sea;false;ocean;0
1070;5;41;2;sea;false;ocean;0
1071;42;30;2;sea;false;ocean;0
1072;40;2;1;sea;true;ocean;0
1073;33;6;44;sea;false;ocean;0
1074;15;10;26;sea;false;ocean;0
1075;10;79;2;sea;true;ocean;0
1076;24;46;17;sea;false;ocean;0
1077;0;36;17;sea;false;ocean;0
1078;31;13;46;sea;true;ocean;0
1079;10;7;18;sea;false;ocean;0
1080;13;69;1;sea;false;ocean;0
1081;29;31;2;sea;false;ocean;0
1082;7;36;17;sea;true;ocean;0
1083;11;28;22;sea;false;ocean;0
1084;58;16;13;sea;false;ocean;0
1085;12;48;30;sea;false;ocean;0
1086;17;12;4;sea;false;ocean;0
1087;23;66;6;sea;false;ocean;0
1088;48;14;10;sea;true;ocean;0
1089;31;36;32;sea;true;ocean;0
1090;30;19;49;sea;false;ocean;0
1091;1;26;1;sea;false;ocean;0
1092;35;12;37;sea;false;ocean;0
1093;25;8;21;sea;false;ocean;0
1094;14;71;6;sea;false;ocean;0
1095;23;16;11;sea;true;ocean;0
1096;9;44;24;sea;true;ocean;0
1097;8;13;11;sea;false;ocean;0
1098;13;33;33;sea;true;ocean;0
1099;19;55;21;sea;false;ocean;0
1100;2;80;4;sea;false;ocean;0
1101;59;33;7;sea;false;ocean;0
1102;11;44;33;sea;false;ocean;0
1103;13;6;10;sea;false;ocean;0
1104;90;5;1;sea;true;ocean;0
1105;64;7;5;sea;false;ocean;0
1106;39;45;11;sea;false;ocean;0
1107;33;22;5;sea;true;ocean;0
1108;5;3;65;sea;true;ocean;0
1109;3;27;15;sea;true;ocean;0
1110;12;60;10;sea;false;ocean;0
1111;21;9;64;sea;false;ocean;0
1112;4;44;36;sea;true;ocean;0
1113;25;23;36;sea;true;ocean;0
1114;47;6;46;sea;false;ocean;0
1115;35;10;51;sea;true;ocean;0
1116;18;15;4;sea;true;ocean;0
1117;6;70;2;sea;false;ocean;0
1118;33;16;5;sea;false;ocean;0
1119;19;13;63;sea;false;ocean;0
1120;30;8;5;sea;false;ocean;0
1121;62;1;32;sea;false;ocean;0
1122;53;16;28;sea;true;ocean;0
1123;9;2;43;sea;true;ocean;0
1124;6;75;18;sea;true;ocean;0
1125;61;5;13;sea;true;ocean;0
1126;29;32;2;sea;true;ocean;0
1127;43;2;42;sea;false;ocean;0
1128;0;61;34;sea;true;ocean;0
1129;7;16;4;sea;false;ocean;0
1130;29;26;37;sea;false;ocean;0
1131;35;46;8;sea;true;ocean;0
1132;28;9;36;sea;false;ocean;0
1133;59;37;1;sea;false;ocean;0
1134;40;17;12;sea;false;ocean;0
1135;12;10;49;sea;false;ocean;0
1136;1;71;22;sea;false;ocean;0
1137;29;8;31;sea;false;ocean;0
1138;9;13;40;sea;false;ocean;0
1139;5;6;11;sea;false;ocean;0
1140;40;3;51;sea;false;ocean;0
1141;19;42;23;sea;true;ocean;0
1142;4;0;20;sea;false;ocean;0
1143;24;46;26;sea;false;ocean;0
1144;10;39;2;sea;false;ocean;0
1145;17;4;76;sea;false;ocean;0
1146;11;10;42;sea;false;ocean;0
1147;12;41;8;sea;true;ocean;0
1148;11;43;33;sea;false;ocean;0
1149;2;14;18;sea;false;ocean;0
1150;39;11;30;sea;false;ocean;0
1151;2;20;22;sea;true;ocean;0
1152;32;7;36;sea;true;ocean;0
1153;6;18;32;sea;false;ocean;0
1154;15;8;9;sea;false;ocean;0
1155;1;2;79;sea;true;ocean;0
